0.3208278859861546,-2.051040891891134,0
-1.489138521753206,-2.295216146387626,0
-1.154230255643794,2.164790891627066,0
2.961737260312966,2.982374367929845,0
3.135960258535247,-1.760575911475948,0
0.4403387358481122,-4.870625102968352,0
-2.344197217900012,-0.7548466698686196,0
-3.482616074230314,1.913223305468977,0
4.468043987633349,0.5470813360769987,0
1.018066687623134,-1.732570886081286,0
-1.031097406485176,-3.102708994647626,0
1.505316282085988,4.506839802769865,0
-3.211224039068152,-3.544548239815652,0
-4.689631374044116,-0.0098601596637876,0
1.80910566237489,2.309039653691435,0
2.202851115627018,-3.250415223952906,0
0.8591122135897727,-2.572741516346908,0
-1.14875040070377,0.9206121173728437,0
1.398067671617893,0.2102133036651538,0
-2.143523706852238,-3.940933583345378,0
3.276161971778059,-0.4951026066961333,0
-1.145258679223768,0.4537579640412087,0
3.15302907834542,1.207289268387897,0
0.360745819647986,-1.120009407269056,0
-0.7291033216401805,3.134223013766339,0
1.189342914834636,-0.7876454916363167,0
-3.188174264114295,0.1773819435702764,0
0.5246349955554309,-0.6566269859102809,0
-4.321828939563735,1.848337991649376,0
1.261817542494492,0.9524535634567424,0
0.05934098758091896,-0.7136710374089423,0
2.077793886294339,2.13298845631225,0
-1.169300005527309,2.549841442847366,0
1.294190183057938,-3.846649098056695,0
2.193148179819013,-3.12398301949733,0
3.525171577653414,3.187893607489423,0
4.114376211173217,2.024500183819545,0
4.783106402814688,-0.3873968916535156,0
0.1569318266172351,1.451966445638042,0
0.7940945298995545,-4.553890773119774,0
-3.38997310371052,-3.463042766321661,0
-4.644863480977367,1.833249769994063,0
-1.694255561434759,0.7642252333075656,0
0.9911336026654218,3.243971435437375,0
-1.680598680823498,3.773689248151681,0
3.833839684974356,-2.368911762909041,0
-1.712633844828484,2.046183808614872,0
-3.820247537109988,-3.223568180280271,0
-4.051790916308409,1.85527630149373,0
-1.215596410970159,-1.084120834518098,0
3.574311608817274,1.538328327459543,0
1.257682671997186,-0.2835909056491286,0
-0.93793654180426,2.194864889797878,0
-0.7510656297756751,-3.216288574086605,0
-4.120419218374017,2.270875979049255,0
3.430528780641963,3.019776290645111,0
-0.5877810191508216,3.11588662656012,0
-1.106702287890782,-2.215137977802852,0
4.467872178939939,1.396988113925296,0
1.317071336457083,-4.273236643107797,0
1.200378989093224,2.565730503320122,0
0.7181660264003782,2.266195511600166,0
-0.441851917952632,-1.172190915304963,0
-0.2083529002808144,-3.714143335460424,0
-2.591765884462805,-1.119564813031628,0
4.377876547125707,-1.883517711594557,0
-4.501132553578979,-1.144658096450235,0
0.07096804660720367,0.6213855398624059,0
-1.625966489379884,3.271780700176981,0
4.528178684728173,-1.38497791828762,0
2.129375587880937,3.033804647682806,0
-3.746777908846768,-2.231036500100311,0
0.009932433736687476,4.219463819685049,0
4.336525566136983,-1.532056669284363,0
-1.68509771008422,2.55527228875285,0
2.503927600919557,3.588069574365046,0
-1.821110771929244,0.9452484761524049,0
0.4724187494553642,-2.093053915858657,0
-3.046253825700993,-3.776905016957618,0
1.742761033555124,-2.086590073850207,0
-0.2695935583554577,3.746711043631578,0
-0.8723958338254976,2.043663246784881,0
1.686546487004777,-2.828059384192474,0
-0.221660719496354,-4.922269182197553,0
-0.4108301293939538,-4.701376153226231,0
0.274588432881127,-4.900775174328408,0
2.217578633502118,-1.587461848794542,0
3.59500019191608,-2.779291004906822,0
-1.26223655727039,-1.182588545835961,0
2.070196817126245,3.832560075089076,0
4.016149349775353,1.493280003036324,0
-2.41689395125399,1.896179443317031,0
2.680028017298013,-1.834205115229442,0
-1.275701584909081,4.402938532826476,0
-3.292149548143263,-2.150028036982272,0
0.2151297434344976,2.365485255260674,0
0.08351386429026966,-4.925725304901544,0
-0.01451956892177052,4.371074807706218,0
-2.981472662580514,-2.247893689931094,0
-1.405463445128309,0.9064408596273686,0
-3.949303986716735,2.945684464184885,0
3.783129247270957,2.80047163230243,0
3.436341528122894,0.5693885594805068,0
-2.601708496462719,4.135937785973446,0
2.309361426693275,-2.189436565196625,0
-0.9511158603826185,-3.202845772728832,0
0.8546308395232822,-4.753904822123125,0
-2.563684774703574,2.88222574006488,0
0.1052136631385766,0.8039284772691391,0
1.855955005155427,0.8357759597034243,0
-4.203320684971615,-0.01479522313938899,0
3.061980996040382,-0.5107421580843268,0
-0.3751041220461555,1.245349282218243,0
-0.3061306202116394,-3.471645323446522,0
1.983762327487768,-1.963160534184373,0
-4.443371694914066,-0.1578033062530227,0
1.085370320155197,-0.8492374837622052,0
-1.060834502963778,4.139438896628703,0
4.13959928644108,-1.927910326030369,0
-1.246937766997329,0.6772338929639792,0
0.435842820943503,2.992480045079749,0
2.282332866723924,2.38470938613693,0
1.647445035869434,-1.075151889379065,0
2.016016294825678,1.50692373530334,0
3.669006721871467,2.488312925914559,0
-2.479373325541194,0.7148043593366014,0
-2.233624789737584,2.964563636114644,0
4.146505445705037,0.4339986832455747,0
-2.004862579640371,2.788386641126039,0
-1.531273375261458,-3.15392765774941,0
1.539157544635373,3.898006130490235,0
-4.38540977499572,0.9046490181836077,0
1.980471629520044,2.274452980453886,0
2.992461575818898,-2.235035679284119,0
3.303870649203925,2.601767398356078,0
0.930865818515209,-3.90021496533937,0
-4.762307779657306,0.1178913099868947,0
3.016608237787479,3.617868502503023,0
3.21045809863974,1.175996231724348,0
4.361141129976263,0.7261279837454321,0
0.06767710885109253,-4.218622476932029,0
2.702694574582507,3.725526870811342,0
0.1103150726506987,0.7971294728747995,0
0.894955209144736,-1.254604760872162,0
-3.220700960365045,-2.877064436940912,0
-0.7531332017982412,0.4838135317933346,0
-0.8084061289692623,-0.2127236937236897,0
-0.384049525223866,-4.029233892049065,0
2.538216900574487,3.438322478440489,0
-0.5858093105698832,1.064019340583523,0
-0.3888225710504114,-0.111904044058506,0
-0.105688328034714,-2.116139781105719,0
0.1679348103984025,-1.473523353337803,0
0.8473158112530639,2.433076268870747,0
0.3293155653695252,-0.894608017454342,0
4.824154278370143,-0.5776744370504568,0
3.044624466064113,2.455781621520797,0
0.2949255542768172,-2.860091612466269,0
0.5631759182085384,1.964790014045986,0
-3.317547747647056,2.144475553569759,0
-1.580073887539768,-4.012236891075284,0
-0.9657549394458015,0.4479078173985124,0
-0.44420877843257,-3.234319291104048,0
4.893474599887359,-0.6125822134618265,0
0.1518261739495167,-3.103734894660191,0
2.11564036254295,-2.631040328891726,0
-1.382361680806371,0.986909260373675,0
-1.73810734034068,-4.116115854658486,0
4.369119062536167,-1.997311563972748,0
0.8544710573951961,-0.6764429451944599,0
-3.141316520514075,1.449815716108593,0
2.751176606007007,0.8207565415483429,0
4.630334028252588,-0.2064654871524852,0
-4.194876260066508,1.591524453410547,0
-3.323271670319304,-0.7457030405384296,0
-1.284407411127673,-4.376210180326753,0
-1.664326830133452,3.76143600443174,0
-4.30354313254249,-2.539585089542239,0
1.66436204583668,1.869702398941244,0
-0.7079031003377547,-3.230489875031022,0
0.974992864126218,4.825596615113347,0
-3.341769202967508,0.2811466897781612,0
-4.076148895008483,-0.3585194292966545,0
-2.259133359038821,-2.093053277580997,0
4.281333663823711,-2.464865453175712,0
1.908718437779917,-2.066191608309819,0
-1.673387253320957,2.167611322569135,0
-4.616958887373626,0.3233779678513257,0
1.005010380496277,4.047600858119721,0
-4.311268935544247,0.5316956986311426,0
-1.610140406127582,0.01934634030849147,0
2.583613613500864,1.378311619192354,0
0.591421336809523,-2.111686643839657,0
3.807541591221646,-0.7328628672687056,0
-1.153904810169709,-1.398144439583756,0
3.919381760241537,-0.2198681610500147,0
1.107149741745949,1.881953997905776,0
0.8610051350183419,-4.378020901800367,0
-2.303969977082268,-3.088725794990949,0
2.158740054731829,-0.1842091971953536,0
-3.119129154118233,0.8854765692952968,0
3.067665414398566,2.820098151941923,0
-1.341051315751677,-2.4718486323572,0
-2.668248851762244,-1.812923696395787,0
1.314873505998219,2.893266081876111,0
0.6735645392926275,-2.98577997854558,0
-0.5844965055852727,1.572253953386473,0
-1.830323063828337,-2.271598744708145,0
3.741963433277272,-1.535412507138565,0
1.129695950761779,-0.2949438636767683,0
1.304826505553595,-1.323944963284401,0
2.359958602494495,3.5853102149894,0
0.3298498123567311,4.767433930975097,0
-3.618267197417814,1.318334712551978,0
0.4722188381217792,-1.916330115130493,0
-0.7946033074582188,-0.7294475213595041,0
-3.144571339322618,-0.7752067815950513,0
2.732407521109216,-1.052734936688509,0
-2.844342018465004,1.961807559428541,0
2.351179884617372,-2.531588365358682,0
-0.003650717958055282,-0.3407427534422963,0
1.172979062396415,-3.072723718557355,0
2.379247628051071,4.086072036815015,0
-1.978986774800424,-0.2869177625079866,0
-4.220231531171731,2.195724689832085,0
-0.08755884844344383,-1.061672158854807,0
1.542375554828625,-1.069943292805948,0
-3.020324158719112,-3.504751275079376,0
0.8168631034643526,-0.2784836167421729,0
-4.233301396735198,0.03360001223882251,0
1.112108573452299,3.78792702843095,0
0.2947634286726811,-2.834531538379422,0
-2.577847104884747,2.318560434039012,0
-2.782771108377347,1.513375974107157,0
-2.529315060289414,0.4137829238861788,0
-4.283139510945312,1.147098667367357,0
-2.371122134100526,2.844328844168502,0
-1.49124308824505,-0.8298749903822665,0
0.5704205930488472,-3.564199641911509,0
-2.881754812763524,-0.2782173568477011,0
1.688439650944759,-3.266007009154337,0
-0.9282773644238541,-0.5000689534047034,0
3.924230978700827,-2.486434545980351,0
1.791834722575889,-3.757417380032126,0
0.09626686579092798,-4.152841220961335,0
0.8066340837318603,3.677622044361403,0
-0.3226549302269665,0.3351566011192487,0
3.351043102464554,2.648768511831268,0
-2.469704137648043,0.6750638999080772,0
-0.8267069283570577,0.1515710698797892,0
-7.907508759325967,-11.20541484653124,1
8.644048181311314,-11.59983882712989,1
-6.738631916334273,-11.55002067301962,1
-1.344849492281798,-13.61823091762523,1
13.37593417076349,-3.769981560048982,1
11.0308762747718,-1.876383277958285,1
-8.55947720121763,-6.550192915746625,1
2.871161777733447,-12.73878422155563,1
14.29373331507426,-3.073965919016195,1
-7.389365145546498,-12.22721344495699,1
-0.9506171755854997,-11.93827195859942,1
-8.092803300961554,-12.58368501153798,1
-5.604237991030955,-9.9574576928017,1
-11.48136566955439,-3.528044951730808,1
-11.55189550382168,-7.07013748375412,1
-3.092117389788512,-12.43336039689614,1
3.553219880728433,-12.53969778579209,1
-3.682917132024798,-12.82458593384681,1
-8.723273894427493,-7.645855053914931,1
-13.01622930390071,-6.878809608071593,1
-14.33430591548075,-4.375052849738252,1
-9.478811108093758,-10.06316492973589,1
11.5604510002141,-5.543803515721116,1
-5.422525660913014,-12.8166139964235,1
-11.88717074261983,-1.191194224655535,1
-9.588858185461564,-6.572208713449913,1
-3.326728680361051,-14.11331420768214,1
-13.23960805069196,-2.518044084983778,1
-7.588240779385912,-11.5788775290146,1
-11.03803800382837,-8.721012267998134,1
-10.41274980091148,-9.963436636124523,1
1.007067131149706,-14.40678276147682,1
6.979410913675066,-12.38311176756413,1
12.38703506776943,-4.101774349487259,1
-3.487380207770323,-13.44575522648912,1
-10.16290250355874,-7.541518751694828,1
-5.591917895926087,-10.35411834193443,1
-12.18275511793574,-0.857308105940536,1
10.28988297684781,-7.479014748362131,1
1.282533731145445,-14.82564184028698,1
7.529963582788294,-11.8915805001456,1
-6.245886566623017,-11.88503047536491,1
-13.74239031495399,-2.719755617969266,1
-5.487016901250988,-13.66603868391113,1
-7.997033281772165,-9.668604712176634,1
-12.57739011487286,-6.196664245588055,1
-6.558625225611396,-12.81689013373311,1
-10.02847632938597,-9.798996583877763,1
-6.841586409578073,-10.71739853580318,1
7.769176615942428,-11.67970105009859,1
8.37445092414238,-8.132684085235661,1
-11.22479644680109,-3.97876970314976,1
11.06851138184583,-4.261116694131239,1
11.44061950500078,-0.08213596748396051,1
-10.82784403953366,-8.947025360505071,1
-12.86087019225072,-2.216921528087718,1
3.762800278642968,-14.0161123479235,1
11.44177119322903,-7.229641943142397,1
-8.228138389071939,-11.82375938340139,1
9.767202637414483,-8.379215611296054,1
-12.66606645067828,-1.676542751399271,1
-7.775235817762972,-9.935351748286489,1
-11.29603873014268,-9.038534243372595,1
-6.562105004030633,-11.63478972866336,1
-2.088246473865746,-14.15866504850076,1
14.59850184408158,-0.6159186132326765,1
13.45198734507342,-1.032728250034806,1
-8.739543564823078,-9.293844285790156,1
11.9076095396133,-6.107883045788876,1
-7.689706866003934,-10.69003558477783,1
-1.205610111900717,-11.42807993148435,1
12.10384721764164,-3.495328211658853,1
1.371976622379029,-14.18516822319629,1
-14.0104863793017,-4.267142387707896,1
8.426152004630909,-10.82710888273765,1
3.123395283832036,-14.06478856099869,1
13.56255112358394,-2.691276828267113,1
1.184224198556286,-13.81583609454244,1
-8.083546025075421,-11.39301130359751,1
-9.903093335762033,-5.099740181634299,1
13.59018144090029,-3.637949848537393,1
-13.55243819154016,-3.889845753336566,1
-13.0896953251343,-3.112200813895285,1
-8.73878188283402,-12.14619326147286,1
-13.58045999356305,-5.709726203224019,1
-13.94812756068406,-5.44065535395325,1
-2.150013405123732,-14.43917563574937,1
-0.07930144846392803,-11.24483416089488,1
-13.81285113240776,-3.850568889066788,1
-13.7933655209666,-3.289728464414892,1
-10.69607158022299,-1.024088658361612,1
7.628436963070769,-9.769739371799991,1
7.885575559258331,-11.76864862275711,1
13.11327775964662,-4.64794310650053,1
-1.8916598929514,-10.60996308833103,1
-4.193105946267464,-11.76981082263585,1
-0.513880783769205,-14.09223464764131,1
11.38219698459793,-7.977030179760398,1
-12.31655638172318,-6.57584750426262,1
-5.752258097606263,-13.84883265312775,1
-3.10165195181171,-14.53084508220082,1
-2.436989633974223,-10.75688288379407,1
-6.214478469422731,-11.3505421217278,1
13.82785899082878,-1.199432620338497,1
-11.05794676599147,-3.575196496595808,1
4.748838552411347,-13.18611991981173,1
-9.86619961539528,-9.245069607883737,1
-14.19158950834429,-4.701938588897928,1
-11.60426505758133,-8.134674516150492,1
-9.388465558028278,-6.773740026734996,1
11.12676894519821,-0.7855654866858394,1
-9.271263103970226,-8.347815868139392,1
13.00136127997812,-1.163746501739441,1
8.573324886555142,-12.26490847836461,1
4.767267193882309,-9.274217523379386,1
6.224933746276393,-9.459674253734045,1
9.079805272743831,-10.45041326716597,1
1.400890715263289,-14.00415935292496,1
10.78885283010717,-5.796883082736093,1
-13.37588320089534,-5.619519048785145,1
-10.65202041985215,-5.307134328463097,1
-3.735799925975759,-11.65856486484982,1
-8.715279647716921,-11.74632395851804,1
-7.564111706477066,-10.5897166321694,1
7.694751216017305,-9.619344707861911,1
-14.58529258607461,-3.086028913073127,1
5.204326867414711,-11.28319039107604,1
5.110740336081314,-10.61518006256428,1
-4.914939012868397,-10.09088734972857,1
-4.431318503789518,-13.15917896867969,1
13.81432535757229,-5.747700270843968,1
-12.00860097316241,-5.401896333487537,1
-13.01155874728211,-0.9975920011168469,1
10.31249393520171,-4.275811140906972,1
13.36873318134557,-6.463741305091184,1
6.736639691771243,-9.224521063454837,1
14.36472364733895,-2.156204423550153,1
-13.37011067724655,-3.684968696505927,1
12.15614599561102,-1.605741023579375,1
11.53314166610172,-7.616046014889756,1
9.884596693909762,-6.598235921914227,1
-7.025312319508408,-11.40903869449778,1
-11.89318894760264,-7.604500976983677,1
-8.053179177917162,-11.80099671741904,1
-8.819232817626153,-10.11195645458337,1
-6.487597796739121,-12.86886864181511,1
-2.892784398319904,-11.97442047690306,1
-8.298422413429133,-10.52769553454037,1
-2.877881609751297,-11.07750664862451,1
-8.483096964705794,-11.74891877901645,1
4.873910651229354,-12.80588699825508,1
-7.398991646426542,-11.25245254763493,1
5.56521866063212,-12.65658894652705,1
11.92038199705154,-1.576630340443611,1
-12.17092428308636,-3.565758335338374,1
-8.089157413030401,-11.82760954459837,1
-8.514800378410511,-11.47512066636697,1
1.008098634216974,-14.63623965072172,1
-11.71792070463478,-5.218568325921787,1
-12.08969156497463,-6.445985504995867,1
10.50077692085881,-8.862090929704161,1
5.276910562941057,-10.09334980671601,1
5.80110787326704,-11.91242352922655,1
-7.027899131734138,-8.336966927800832,1
-12.87532927993473,-2.256646694863311,1
13.80188215918579,-4.693406234949974,1
8.353024469551826,-9.136683693318556,1
4.902384840015547,-12.74339192685991,1
9.193714441201712,-10.10887357562511,1
4.804815269041145,-12.66703817997053,1
0.5260593075217579,-13.07905243277967,1
-13.91175168829484,-3.981986518344499,1
-3.094870010994206,-14.4130810271343,1
-11.52417510390156,-3.616123517920783,1
-4.403184725106177,-13.19080523786242,1
-7.966748765268454,-8.518595686195694,1
-13.26810248869769,-0.7630090503624885,1
1.949476344247466,-13.19833963158689,1
5.72939506151114,-11.11066703529142,1
-13.15101268523853,-5.84377398883139,1
-14.49434720336169,-1.030453483242899,1
11.59094571721772,-6.509448267224735,1
-3.167130028193814,-13.16591845238856,1
-7.723719894294743,-11.36682186529722,1
-10.95929418929915,-9.031562958771907,1
8.085322897527497,-9.721108598591071,1
13.55126220219367,-1.891685483504539,1
-13.40006028001519,-1.397169199410198,1
-1.987148013843419,-12.24029632520846,1
-3.671644212020347,-14.51989973320868,1
-10.94750039703373,-2.886022048835766,1
-13.41911808152417,-2.384420269346333,1
-7.929306362877172,-10.27832358392206,1
-8.642679189707678,-6.11352972633037,1
-12.16024892215195,-7.489835134361567,1
8.516503042681276,-10.00349790848353,1
-11.3414556756014,-4.138521582714976,1
8.57186483675126,-11.6867344428382,1
8.649983769765122,-11.83907717900052,1
1.903826594943111,-14.46321462533234,1
-11.14810530721096,-3.623630741803694,1
-7.641446401595907,-8.860716371724022,1
7.069196433872911,-12.32375895045658,1
-12.87448855052365,-7.298960871415296,1
-12.16802858394481,-3.308215501644293,1
13.61877589030981,-4.307299353688366,1
-4.971096144834079,-11.54776420123566,1
14.54549117322132,-1.312171290698764,1
12.8473183507567,-0.1973014420062246,1
-4.365128558876266,-11.39765113136842,1
0.4514321411789702,-13.88293066231388,1
-4.387504210779077,-12.15657622373998,1
-11.7878824658975,-5.131170679596339,1
-13.24671356834006,-1.614186477153118,1
-6.238321130953065,-11.12523775113839,1
8.939404782427664,-11.82907712560303,1
11.50767302499168,-9.35016385928866,1
-10.83170139374023,-9.730672517404768,1
1.053864023296101,-10.80893967384799,1
-9.844593811029021,-8.038166060231687,1
-8.205690201091539,-11.07976013900801,1
-10.59982029222448,-7.383256458412285,1
12.2444703052209,-2.962502173874356,1
-3.099245274825434,-11.65249871695346,1
-12.94963182595229,-7.201528613903029,1
-5.774737881466713,-12.21347696765238,1
0.1924127207303904,-10.88181208277038,1
11.85218122236953,-0.8747224406001416,1
8.487078410408039,-7.414737744505853,1
0.7594386455710609,-12.06993993506859,1
1.811767878254389,-11.10018154408632,1
-4.813960625751259,-13.00573222516793,1
11.28058346043903,-6.660882121191434,1
-10.6088674774661,-3.16325577964479,1
9.490475549909714,-10.50986599332995,1
10.4128775921299,-10.23963848835214,1
5.111267990383091,-13.39936445467045,1
2.933526602262191,-12.75490466409103,1
13.87356926696146,-5.27121152124271,1
12.90331405253887,-1.702320505946464,1
-4.453139288358245,-11.74443436017979,1
13.43718027390791,-0.6202664380774988,1
13.94348255998086,-2.820104950704598,1
-5.360047761848754,-13.67769590473561,1
-11.4367966300308,-8.715935975169804,1
8.310143623762125,-12.18024379394642,1
-13.65519125592423,-4.25955441566211,1
-13.48199336672162,-5.989775880116994,1
11.8976243496127,-7.695551314760849,1
12.90890608368571,-1.468884882735979,1
-9.864969762492974,-7.869926700399364,1
12.16431238866935,-3.883519635575667,1
-11.64276875680333,-8.886665286774786,1
-11.9260049868228,-5.406010942974389,1
10.23897313138797,-6.230407750026321,1
5.771457026250727,-10.49340763361739,1
-6.280636208141977,-13.25593025246617,1
-7.776226869169387,-8.371326135852451,1
-6.149501451962351,-12.38883696787859,1
-12.44818541648584,-8.264499811152659,1
-5.415912419331047,-11.80759930068221,1
13.56067943415267,-3.485379824004945,1
-8.442107606184388,-5.986338901104775,1
-5.197498654635235,-12.77161781905592,1
3.495864207471996,-12.85547957645981,1
-8.824822662549678,-10.4589361507098,1
12.75102186095101,-2.284283016306653,1
-1.738844162384347,-13.26717192322974,1
-6.367734318724633,-11.3933921281015,1
5.334183199474854,-13.49325222322034,1
0.4525382528302976,-11.82747788506934,1
-12.41029655551054,-2.40113964524548,1
-12.07116186508236,-0.6866302511196812,1
-12.88804591601436,-6.200001382456929,1
-10.26591017990643,-9.554495025899747,1
-2.841311167347394,-14.60174259655926,1
-13.19742357515997,-1.031640478173899,1
13.41461316692421,-5.893484188680322,1
5.584516037340864,-12.64301031331337,1
-8.630694280241221,-11.92829476268477,1
6.723218065408776,-11.5286573853074,1
-11.75204456705825,-6.871853433035484,1
10.3892706252578,-6.527097694110724,1
-7.944761599145583,-11.57886632520608,1
-14.68418021966862,-1.230268799628796,1
-11.03037445746299,-0.1182013550596968,1
12.56762911658235,-7.421983125731206,1
-2.115348963495637,-12.91370857388378,1
-5.750416494883297,-11.35793216428895,1
11.88282581241867,-7.539907642902308,1
-12.60288271362044,-0.5333720528624991,1
-4.393681064380885,-13.12796955230998,1
0.5991905648319397,-14.4616036394051,1
7.669902863370107,-9.920388292267388,1
14.71699617744926,-1.026405501189076,1
11.95293980440755,-4.770022699285859,1
12.74551032209609,-4.983567839668035,1
-9.120454510693632,-11.64296745231575,1
13.64647414444182,-4.81980582628387,1
11.1969224055475,-8.61576209246693,1
-0.4536335169518974,-12.70091104751288,1
-4.676819476715511,-12.75863799056135,1
-1.887086079958546,-14.52850539379535,1
-1.827812588758837,-13.241542923351,1
14.9287985055885,-0.4874821353876976,1
-11.82898564754779,-2.104100250824553,1
12.30646339021254,-4.56507232909247,1
8.47653348125672,-10.95835396113273,1
3.342319226248931,-12.99822892714485,1
4.058827523296144,-13.45426212705768,1
-11.13661349008551,-2.544457306515944,1
0.4982927434737915,-12.04304830053498,1
2.630908793273167,-13.2391726062842,1
13.03134206810267,-6.952217873648021,1
-5.66433570799565,-11.7460413461689,1
12.98471657295358,-7.162970725662404,1
-3.976331061659822,-12.44838612919758,1
2.552342355302368,-11.08120868370303,1
-11.05294441143318,-8.543504014738575,1
0.4696240370340664,-11.56088148747595,1
-12.24207621444386,-8.588583292620489,1
10.59273315644443,-8.711502155385832,1
-14.21677654597791,-4.647786662865207,1
13.03426374502367,-6.217680699747693,1
10.15947115618507,-9.583671053944816,1
2.080257465320959,-13.24905087161816,1
0.5950519538469164,-12.6992799437538,1
0.3288199816720863,-14.42118372584379,1
-6.363748503934342,-12.88502826990125,1
1.091476954955249,-14.39548567851737,1
-13.27587352116792,-1.686569077485099,1
11.44131454878232,-7.448761548937497,1
12.39252678133001,-5.29198886354843,1
-1.449688152501137,-12.55499957181853,1
-12.21706501738878,-4.042367293287294,1
-11.81562253067503,-5.065352319012237,1
6.701797273721545,-9.642707010072257,1
6.19462273902521,-9.221818539382994,1
8.298744374416019,-8.531271714911222,1
2.784347485508069,-14.3988416391693,1
-10.5594395449598,-0.8826322090556618,1
-14.32925969539159,-2.121184644943838,1
2.651657260980923,-13.87102129587655,1
8.357336455876196,-11.65703787845967,1
2.817571379834249,-12.33748610207474,1
7.494150122659812,-9.53730448783906,1
13.92898819933754,-3.06562370166815,1
-2.285730278173248,-13.24722367550927,1
-1.690075398164682,-12.20151491779411,1
12.43806258147501,-4.493557192277176,1
6.59292387081012,-11.78907755337948,1
6.364311756225809,-11.23892583818965,1
1.378938765297089,-12.83826479401941,1
10.59015413181282,-6.385504538439887,1
-14.65618697718039,-2.616823662173646,1
14.2766320315302,-0.5417836102127274,1
-11.3971831440045,-5.47370494042779,1
-13.0971602193301,-4.845663054903485,1
-2.604200688385604,-11.93735016679603,1
1.468407087497561,-14.37096016198648,1
6.141239447380809,-12.81749770649526,1
9.632150967790722,-11.22015533636484,1
12.17480190572449,-1.349329730215192,1
8.865967425242408,-7.603998598395411,1
5.79693392811911,-9.348580316516122,1
-5.373270190181784,-13.17578360440183,1
10.82884071842597,-3.844836461933778,1
7.245234709959246,-12.27030205171443,1
-2.575026513364623,-12.19633961489492,1
-7.457693111806334,-10.62084424450142,1
2.296264023937325,-14.04465440269069,1
4.567122391486499,-14.24007473373392,1
2.137133096365867,-13.37879660095638,1
13.77487263283179,-5.160944891176144,1
7.123215855604838,-11.11234337363774,1
-6.392712576021651,-13.03431384905861,1
3.795360861127473,-11.61217994230855,1
-10.2525785967095,-10.92098170351404,1
-4.849247375643699,-14.10269641846888,1
-4.828030624673247,-13.03786988724701,1
-6.82333877833985,-8.640314880187473,1
-10.60440389041246,-7.044057476965937,1
-3.659351247012419,-12.43523071381444,1
1.801591928198752,-14.2123406479466,1
-5.076305166145649,-12.71421128947313,1
9.934099388702444,-10.48531310454527,1
3.025607985072518,-11.72434571207588,1
5.477776649117106,-13.14762980178243,1
7.549775824181182,-7.033432084996138,1
8.702940867643974,-11.90593568286149,1
-2.152602012701359,-14.57826262746121,1
0.8926472707306499,-12.95446704902102,1
-8.212786771718326,-11.46449109665806,1
-0.4908992793070269,-14.82736486945194,1
-11.6724653407774,-8.289423836488471,1
-2.269071695030124,-14.2748761041391,1
-14.39637779956458,-1.849788252757274,1
-13.20996561903651,-0.9311808141848814,1
-3.709378527132603,-12.81129557013747,1
1.632226701210209,-11.94084233337927,1
-13.26352825423648,-3.404860311325915,1
-8.422499929099734,-10.68411065683194,1
-7.603379384733321,-8.362759213202564,1
-12.17535536784753,-6.323734555084577,1
-4.530644802154116,-13.12101181808127,1
-2.943740142163673,-12.90654162670855,1
-13.05866579357083,-2.511030722815956,1
2.218436897068314,-11.25937549472641,1
-2.245697389795724,-14.03233099062033,1
1.299415504196562,-14.605038569387,1
6.395195302887767,-12.82470995519569,1
9.781011268836405,-10.07641938412476,1
-12.00430081032254,-2.357609021895992,1
-11.42438390978498,-7.4491607489814,1
8.464776187316776,-8.194146041317993,1
12.80043483444046,-2.566019877652113,1
-0.3847597121205475,-12.20559554597838,1
-8.295090500412323,-9.585489695885395,1
13.70029048205868,-0.1079005176492507,1
12.34317887756384,-1.867218088701212,1
12.23345930005391,-8.247206682419705,1
-12.06853759268621,-1.353685519786707,1
-12.05992082968977,-7.292027964327656,1
-10.75376325005695,-1.400968023230369,1
-10.52334111933326,-1.666585926048827,1
-5.376183056140284,-12.55695331366277,1
2.122732985094972,-10.95172718154029,1
10.38605284694879,-5.461691384725582,1
8.147918821616301,-9.343309176385064,1
-14.15442706834818,-1.173988993669353,1
4.941261414338021,-12.8112477407542,1
2.112050288237945,-11.02427440317581,1
-2.083450966978347,-14.52624126241827,1
14.05778415195464,-1.762653288980361,1
-10.72788661335324,-7.739938712815757,1
7.441666993419643,-12.55431794495153,1
2.603971081630477,-13.63286260308032,1
-11.90840463937972,-2.953685283053075,1
-12.9143340547215,-7.016068986441884,1
4.829587626047986,-9.429773409931141,1
8.989680177717034,-11.97784083570687,1
10.21544744032047,-4.84298429818026,1
-9.970934649033907,-8.833466945815665,1
13.06769614094543,-2.912208117713294,1
8.92517231076001,-6.635892607048199,1
8.150596604682617,-7.017442625435923,1
3.283958518673258,-14.38608539933115,1
-9.50169980243882,-9.424010152431183,1
9.474386624619587,-10.19650991933784,1
-11.41546690059734,-6.882442422154103,1
6.672571787198476,-12.82175852571388,1
11.6397017913839,-9.419063390335634,1
-10.01443542627785,-7.636549507471803,1
-9.77720285792177,-5.987332690225768,1
-4.669367738300711,-10.41069276605143,1
-11.58580586729997,-1.529899011066489,1
8.015751456368239,-11.51497825783089,1
-3.234000692853961,-13.6164563263842,1
-10.13486354457316,-7.288939407177355,1
9.706477996966655,-8.18164662913413,1
11.61575346538542,-6.257772419150154,1
4.50544046444537,-10.06879553084318,1
-1.895047441301517,-10.73857168062347,1
4.43003916384229,-12.43194895678658,1
-10.21189775701603,-9.910839111145211,1
7.913981357193596,-10.74691829714831,1
8.817270338107184,-11.99968954838532,1
-5.782912991060266,-11.87081712436947,1
-7.734617662023714,-12.75442410520491,1
-14.37488553283495,-2.15856075479374,1
11.76068085180538,-7.879927392432905,1
-14.58189395106038,-0.7587661112963208,1
2.389063542741778,-11.54555355276323,1
-3.284501283861883,-12.83877450244236,1
-9.461706379565948,-7.781367636392374,1
-10.52656717792795,-8.505790597521777,1
7.430705866095212,-11.72799150770468,1
-5.128201492494253,-14.07146689398908,1
-13.5062206946338,-0.3992578467399051,1
-0.2824291336046021,-14.70991882867692,1
-11.85844143897708,-4.302396343435108,1
-10.26742346339753,-8.646970214995649,1
-12.64636833971802,-6.286658395256739,1
8.626198144739293,-7.471839774295145,1
-9.640370067921353,-10.92201181972713,1
-3.27953842954932,-12.8373511313874,1
6.692126371503837,-8.656246787057354,1
14.20332404541104,-4.442540054923449,1
-5.344236311887543,-12.61920488667902,1
-10.61358545424726,-10.09387281977153,1
-13.98545442797964,-4.413635795490915,1
-8.096731042586889,-7.311907476693663,1
-7.116553198674889,-12.61005597047456,1
6.987859969842464,-11.01440247602561,1
-9.845340362036877,-10.76123810780508,1
-13.7805231753589,-5.576598871373397,1
-10.00065228641651,-3.98933935588377,1
-1.186522959825415,-13.1503145302876,1
14.07100945822407,-4.905406542693838,1
-11.45347157906748,-3.386907221738377,1
-12.94641581491541,-5.783451591041638,1
9.601507467051817,-10.3948618091173,1
10.00225433289211,-2.060179379911153,1
-7.694256949432647,-7.545742125514595,1
-11.00541438826818,-5.163138382886911,1
-6.299808589602855,-12.36973267155562,1
-14.44486199585855,-0.9145828610702909,1
9.387269422851173,-9.353667977592957,1
-3.380956056271134,-11.39738555918885,1
-3.589094317092034,-13.62055304431028,1
-13.4910559011264,-4.324264243518028,1
-9.573278991226639,-4.307324045730299,1
12.75350368725487,-3.374138364521889,1
13.91879010439183,-3.548886972949336,1
14.1730879274712,-0.2428275406564315,1
12.65539281925851,-7.156006777924531,1
-0.1230031749552688,-14.76296430592162,1
-2.328243495856109,-13.2284196205222,1
11.1286420755436,-9.71187804156737,1
-11.69395691632323,-6.256500559741313,1
13.64309286497985,-4.628878822314507,1
-2.604843247538069,-13.61037521298874,1
-10.07647191072651,-4.213094330803637,1
-1.129828226374932,-11.74962587669617,1
10.60375112593191,-10.09726059026133,1
-12.27972515597013,-7.448788211002042,1
-9.191651828587647,-5.154018556038058,1
-8.293273855118947,-8.400884596400642,1
12.84444120562966,-3.644563184045823,1
-12.29607182820086,-5.92904488439622,1
12.48006234446972,-2.369280236979575,1
9.634741620730781,-4.57482563809117,1
-7.704102228876045,-12.56612391545545,1
-13.48513445296967,-4.836514507752044,1
-2.969752676005583,-12.08792421030636,1
12.83274377367002,-2.670863064093047,1
13.21031036143617,-4.752133971659973,1
-10.15969652541608,-7.175156711900589,1
12.25822979578911,-5.08570788040673,1
-13.92324589355932,-2.9286786631529,1
2.81171983262795,-14.53072454991595,1
-0.3647033093562304,-14.7185455061834,1
11.95314978932799,-2.10898087925306,1
-6.395693853065772,-12.20393694028168,1
-8.945986874385028,-10.79271889884211,1
10.53932951067992,-9.207160620211733,1
10.93431120742145,-7.63501207174432,1
1.816255989118342,-12.96767758811231,1
-8.6499851064578,-8.739112483543465,1
10.12788646056939,-8.222748032337092,1
12.63957065414017,-0.8903725508890914,1
11.61829156351929,-5.436017873003673,1
-10.80527174815854,-5.388043682691928,1
-12.09556572916146,-6.40466894557805,1
-12.0070603946787,-7.370063424084362,1
11.68991981148103,-6.602396554582496,1
-6.608484640813746,-9.00268333409289,1
-11.46117232068168,-0.991692209573891,1
-4.963857462008372,-13.03379031697867,1
13.33878301541487,-6.311142390061261,1
-8.546290587103158,-9.240943041723655,1
9.956630206978684,-9.276839450193664,1
3.690007130835975,-11.73900471561699,1
-5.851140246841844,-11.86950282103442,1
14.93501109878671,-0.7760769468448148,1
2.577719519547146,-13.93505342757481,1
-0.7008412577852909,-11.66504510487407,1
12.00997572340425,-0.2549782238329445,1
-13.09169138669011,-6.119117854314574,1
7.189589158289127,-11.95520252193533,1
-10.94151696164575,-7.360856072036093,1
8.362706222892498,-7.591795663361355,1
4.816678715813675,-13.83575980722813,1
-10.65909821507626,-10.5076553645768,1
-6.384123054088953,-12.57277768651181,1
-2.262732071833717,-13.30817784711367,1
-10.54179609573191,-5.149409463854205,1
7.118257184550791,-10.84062504270931,1
-6.033319927636266,-11.75471164664376,1
-11.84582789145285,-7.046264984984388,1
12.58376770018372,-5.815071049029234,1
-6.512184903404719,-7.953021259287163,1
2.025377322336815,-11.42669973031767,1
9.668673844635512,-8.131902057516728,1
4.424793210218281,-13.60587187252946,1
8.185380413171298,-11.40938336976257,1
-12.71746626339085,-2.642429117234193,1
-5.853686501538148,-12.48190868532431,1
6.974825231888103,-11.39115262607523,1
-6.102994971712509,-12.77097848256793,1
-2.182123597637369,-13.95014722280573,1
-14.24818862284659,-0.5655297590814958,1
-7.531712005143524,-11.21830709217693,1
14.26521354875448,-0.6919075968736441,1
-12.83569999679166,-5.917724437274896,1
2.017903662984213,-13.82002952111495,1
11.75752613341561,-6.886162175579399,1
4.862897635319928,-12.99176608239275,1
-13.81550695124789,-0.1862757556847747,1
-12.37140127597373,-7.411185809657087,1
7.995116863283833,-10.2038436539152,1
7.352187475706022,-11.65719726434301,1
-12.6790244868359,-0.6365189002200323,1
7.251851047467985,-12.6381169979959,1
-12.14703620191325,-7.367114596391435,1
-8.076072418728726,-9.477519258422697,1
11.6155059328434,-7.426668330222084,1
-7.757103142036611,-9.546841959413696,1
6.98511368614929,-11.02198764108309,1
-7.400762148755342,-12.56273205408914,1
-4.65446163262447,-13.05275487476653,1
-3.454745973780553,-9.714516599598481,1
-11.21513233153566,-8.99985515579826,1
-5.68378663609582,-12.52221296324738,1
-6.983153472771769,-9.935412528341615,1
9.923663661316304,-6.304122058885856,1
2.846512396302349,-13.37083175057302,1
4.962084849872793,-12.55882383151492,1
-8.114725785898262,-11.02549475762778,1
10.59242750433324,-0.06942824370022482,1
7.311581228843337,-8.771666634963386,1
12.44668458391821,-7.288375396002033,1
9.672392906505058,-5.918866594816157,1
-3.99848446522695,-12.28673206869559,1
1.11322820160773,-14.63411747789108,1
-12.22116029316628,-4.460254286832538,1
-13.09166341592186,-3.513678676688732,1
-12.30596436607273,-7.47119915187171,1
-0.9105814802418822,-12.97873426767142,1
5.275491710467216,-12.43947116710578,1
10.50707745709865,-5.134305327103656,1
-13.69743850282776,-2.103789189867799,1
-12.03384907976628,-6.931688271206632,1
-2.005061439657355,-14.74933308276705,1
-3.010612097416315,-13.09228631079012,1
7.185704486206485,-11.1767442543037,1
-13.29154784088227,-3.369473271609511,1
0.1806097654332567,-14.20363962454308,1
0.68925442961498,-11.99435417701484,1
-9.933869914395439,-5.227918870258129,1
-11.63982108716923,-6.78616738912438,1
1.654425977050992,-13.82974360398548,1
-4.200703117665186,-9.907821883392829,1
12.66501747016261,-4.75473859404812,1
-4.390640851946264,-12.99862163815994,1
-11.60699962552792,-5.71316422529333,1
3.617435244623185,-11.07946306463877,1
6.409323331132615,-10.72122434978327,1
-12.50246584287265,-2.921844978747516,1
-1.232596565973899,-13.1602986694427,1
7.939853899100874,-9.926223609102212,1
-1.24465167200819,-14.81716921261784,1
6.625233790408189,-11.82512918214029,1
8.679288362078747,-11.27495267089446,1
11.70118758283427,-5.028948354704202,1
-13.7592501829611,-5.122157427696483,1
-13.0568413298933,-2.035750444221029,1
7.513034338244625,-10.81819838953137,1
4.301625730683793,-13.68752300265165,1
-8.630671633497082,-11.77431802242294,1
11.67656181697797,-0.5909904322596407,1
-13.91745402468197,-4.926279247936609,1
10.54184047800009,-3.637030063485667,1
-12.7742842500648,-3.710716138254414,1
-8.630897286565823,-8.717606515342176,1
7.437090495611914,-12.93080108814817,1
14.64336584090869,-2.940630167771053,1
3.718467088749374,-11.35098853336617,1
10.82369024660385,-0.8380392912921076,1
-2.72924058460334,-12.58548503376971,1
-6.8672097925445,-9.403061956393811,1
-13.29140433503606,-6.916156172738168,1
-8.736565906988112,-11.99556364017471,1
-8.281640290937441,-11.86736750372886,1
12.36950534880611,-8.389170588904699,1
-8.21331383596074,-9.711761966842364,1
-2.565061508503158,-12.03173915563371,1
-2.042046655462404,-12.11507104759552,1
13.12157110364832,-6.468003858180785,1
-1.394303209367682,-14.86698817381687,1
-12.93325563973043,-3.927602753474443,1
14.36721433947171,-3.381749004712006,1
-2.770835902198347,-14.39829481802195,1
12.0525027198621,-7.572474125550546,1
10.9614664088181,-8.925185265000435,1
-1.369554401985462,-12.50821706456261,1
-4.801731753838589,-13.35693703284355,1
-13.12732782764499,-2.566286223607254,1
-3.476788151862283,-13.11313407593784,1
-8.371890791057314,-9.234736613074105,1
12.54902035452779,-4.08257099795977,1
6.978356577068424,-12.31804197800475,1
3.308710865291239,-12.79719565645753,1
-10.52700192446348,-6.123166135262487,1
-10.04813684171396,-10.14560460310934,1
-8.783466844919694,-10.62056053628029,1
-5.317269540825066,-10.21223623972366,1
-11.63653732226985,-7.687019422085588,1
-12.32260081931211,-4.973358596306731,1
0.7925055907548388,-12.06556722408737,1
4.105047662206641,-13.31663067082472,1
7.373488847843904,-11.65182938281693,1
-9.02546805435172,-7.398354132534449,1
-4.552195277509375,-9.894072132947098,1
5.824933747311404,-10.67586686807546,1
-10.91691548512595,-4.210026345003965,1
-2.301898603548342,-14.5619844462647,1
-13.16838944508906,-6.832069503726668,1
-9.653156391719802,-10.90361476929587,1
13.14907897087444,-1.348238947094601,1
-6.934330467815407,-10.89077536641377,1
-0.889468592825216,-13.46540209653685,1
3.318412357515133,-11.90429151376257,1
-11.70354064535358,-5.916941135797454,1
8.1267854673724,-10.06949403774834,1
11.24528919704493,-7.991022870571988,1
10.46737970198353,-0.6578587447748803,1
-6.7896067727966,-11.30536232078414,1
-5.405261838512533,-13.87293148573936,1
-13.10361800259478,-6.824091813613566,1
6.904467794842617,-10.91158161447867,1
-7.515386988252108,-10.9485609722155,1
13.68597456437336,-5.105516735258236,1
-9.407137644735416,-10.81111972157364,1
-13.01901939189977,-3.888568291022429,1
-13.81709718608782,-1.894148408250983,1
-13.01698946240827,-5.522848184064149,1
-0.2153529551636838,-11.78256519756327,1
-4.367899964664374,-12.48170763591933,1
4.920326155543524,-10.6573793019032,1
-6.172825397252218,-12.38159527567387,1
11.53542457684644,-5.45961244115164,1
8.203532410581941,-9.683628754680385,1
6.797147381080182,-10.14334573760769,1
4.566490117968811,-10.57211900546518,1
-11.83629937006221,-3.476323559726577,1
-2.032087832437671,-13.43265518780766,1
2.326187365048611,-10.73326567150886,1
10.71217569061984,-0.530951567429801,1
10.49246275230021,-8.743062443464201,1
-2.645117609677401,-10.42586020332192,1
-14.58339588627602,-3.355824954981483,1
11.60837949325467,-6.113901049046427,1
12.18925322935269,-8.715285671064702,1
13.45112033198312,-3.448002539117409,1
-8.235884656239747,-9.607534772490116,1
10.28948986160149,-2.45484118532355,1
-10.2738099902582,-10.26966130977559,1
-13.95083868675597,-0.4057707080486531,1
-2.361205939253565,-10.77772841234592,1
